614ZbUZOAJL._AC_UL320_.jpg,https://www.amazon.in/Homesake%C2%AE-Ceramic-Classic-Farmhouse-Nightstand/dp/B0C8DJW4T1
81dGkYK8BlL._AC_UL320_.jpg,https://www.amazon.in/Homesake%C2%AE-Decoration-Bedroom-Balcony-Outdoor/dp/B09Z2Y9SR7
61O6j-o1w6L._AC_UL320_.jpg,https://www.amazon.in/ORIFY-Table-Bedside-Bedroom-Office/dp/B0BVNFXKCC
71kfSLC2XmL._AC_UL320_.jpg,https://www.amazon.in/Homesake%C2%AE-Black-Fabric-Holder-Marigold/dp/B0BZ7WJKN5
61svGK-n8FL._AC_UL320_.jpg,https://www.amazon.in/VRCT-Khadi-Beautiful-Bedroom-Drawing/dp/B08G8TNB82
81nij8Qz2vL._AC_UL320_.jpg,https://www.amazon.in/ABOUT-SPACE-Table-Lamp-Included/dp/B0B692YTK3
71lxBAvAZlL._AC_UL320_.jpg,https://www.amazon.in/Homesake-Crystal-Contemporary-Bedroom-Nightstand/dp/B0CK6TYPL8
81-WytgENxL._AC_UL320_.jpg,https://www.amazon.in/Homesake-Ceramic-Shaped-White-Table/dp/B07GB2BPCR
810e1WEzgiL._AC_UL320_.jpg,https://www.amazon.in/Homesake%C2%AE-Decoration-Bedroom-Balcony-Restaurant/dp/B09Z2W9ZHN
613FRyDAuPL._AC_UL320_.jpg,https://www.amazon.in/ORIFY-Metal-Bedside-Bedroom-office/dp/B0BR1NPBD1
715M41T-RGL._AC_UL320_.jpg,https://www.amazon.in/Homesake-Black-Metal-Fabric-Holder/dp/B0BWTBMMZ6
71b4CiQL1HL._AC_UL320_.jpg,https://www.amazon.in/Divine-Trends-Antique-Lampshade-Decoration/dp/B09RW2TQ3W
81GFx88bOML._AC_UL320_.jpg,https://www.amazon.in/Homesake-Rustic-French-Trophy-Carved/dp/B07L2VJNKV
61QZH5wcczL._AC_UL320_.jpg,https://www.amazon.in/casa-Table-Lamp-Decoration-Bedroom/dp/B06XW9YLFN
71ba-v5z+yL._AC_UL320_.jpg,https://www.amazon.in/Homesake%C2%AE-Farmhouse-Bedroom-Nightstand-Cylinder/dp/B0CWLLH3ZY
41UtsKu+jVL._AC_UL320_.jpg,https://www.amazon.in/Homesake-Floral-Carved-White-Table/dp/B06XKVYF14
71KIr4Pb6kS._AC_UL320_.jpg,https://www.amazon.in/Lampshade-Nightstand-Antique-Creative-Reading/dp/B09772WD7N
81zzPPPbHaL._AC_UL320_.jpg,https://www.amazon.in/Homesake-Floral-Carved-Black-Table/dp/B076VBRZP8
71HZD2VLQBL._AC_UL320_.jpg,https://www.amazon.in/ExclusiveLane-Starlight-Decorative-Bedroom-Decoration/dp/B085W5TQ9L
81fX2-AvoWL._AC_UL320_.jpg,https://www.amazon.in/Homesake-Vintage-Incandescent-Decorative-Bedside/dp/B0CJP77W8Y
81lv6RKEayL._AC_UL320_.jpg,https://www.amazon.in/Homesake%C2%AE-Modern-Wooden-Lampshade-Restaurant/dp/B0CR186FHH
71lmrDOjq1L._AC_UL320_.jpg,https://www.amazon.in/Homesake%C2%AE-Modern-Lampshade-Restaurant-Pyramid/dp/B0BXGV3XC1
81oa9G4cAjL._AC_UL320_.jpg,https://www.amazon.in/Homesake-Metal-Light-Lamps-Beige/dp/B0936GHJHY
51doay1Yz1L._AC_UL320_.jpg,https://www.amazon.in/Decor-More-Ceramic-Decoration-Included/dp/B0C1SMRYVT
61dv4NuDCIL._AC_UL320_.jpg,https://www.amazon.in/Divine-Trends-Diameter-Bedroom-Decoration/dp/B09P6MCZY4
51XmVQg1-vL._AC_UL320_.jpg,https://www.amazon.in/Homesake%C2%AE-Country-Bedside-Nightstand-Multi-Pebble/dp/B0BNNKBNXJ
71FPDsVuH+L._AC_UL320_.jpg,https://www.amazon.in/Homesake-Decoration-Bedroom-Balcony-Outdoor/dp/B0B34W11ZL
71YQfTqmy7L._AC_UL320_.jpg,https://www.amazon.in/Divine-Trends-Antique-Diameter-Lampshade/dp/B0BYXHBXMJ
81kINEsJgKL._AC_UL320_.jpg,https://www.amazon.in/Homesake-Ceramic-Shaped-White-Table/dp/B07G9YNDNP
715yS7uEnNL._AC_UL320_.jpg,https://www.amazon.in/VRCT-Bedside-Bedroom-Nightstand-Included/dp/B0BGS3S25V
61mukqHXXnL._AC_UL320_.jpg,https://www.amazon.in/Homesake%C2%AE-Ceramic-Classic-Farmhouse-Nightstand/dp/B0CK6KFPGR
81CoYzH2PaL._AC_UL320_.jpg,https://www.amazon.in/Homesake%C2%AE-Chrome-Basic-Fabric-Bedside/dp/B0B34WQY6T
81h-ahQ7M+L._AC_UL320_.jpg,https://www.amazon.in/Homesake%C2%AE-Sculptural-Carved-Square-Whitewash/dp/B0BNN4QRGH
51kBEKIO47L._AC_UL320_.jpg,https://www.amazon.in/ExclusiveLane-Droplet-Decorative-Decoration-Bedroom/dp/B0CG5ZWP61
613pb3PUVVL._AC_UL320_.jpg,https://www.amazon.in/Gesto-Crystal-Control-Changing-Rechargeable/dp/B0BNXPT415
71OKP1QjMpL._AC_UL320_.jpg,https://www.amazon.in/VRCT-Metal-Table-Flower-Shade/dp/B08RC3JL91
81+dkh5NIiL._AC_UL320_.jpg,https://www.amazon.in/Homesake%C2%AE-Antique-Hammered-Oil-Rubbed-Bedroom/dp/B09PTVM35V
61eYSW0cRzL._AC_UL320_.jpg,https://www.amazon.in/AKWAY-Handmade-Decoration-Bedroom-Bedside/dp/B0BQYF3692
61gxos8N7KL._AC_UL320_.jpg,https://www.amazon.in/Wipro-Garnet-dimming-Changing-Neutral/dp/B07C9KQ7KR
81348Na8VJL._AC_UL320_.jpg,https://www.amazon.in/TIED-RIBBONS-Quirky-Decorative-Multicolour/dp/B082R3QFNN
81J-q470TTL._AC_UL320_.jpg,https://www.amazon.in/SHILP-KATHA-Decorative-Handicraft-Multicolour/dp/B09DD5G9Z9
61gc55nT1ZL._AC_UL320_.jpg,https://www.amazon.in/CREATIVE-GALLERY-Antique-Lampshade-Decoration/dp/B0CPJHYJK1
81OQFyJ2f9L._AC_UL320_.jpg,https://www.amazon.in/AKWAY-Handmade-Webbing-Bedroom-Bedside/dp/B0BRQKJ63J
716TEvNkyGL._AC_UL320_.jpg,https://www.amazon.in/Ekhasa-Decorative-Aesthetic-Decoration-Beautiful/dp/B0D4DZH2VY
81tAiUk3CHL._AC_UL320_.jpg,https://www.amazon.in/Aswal-Handicraft-Bedside-Handmade-Lighting/dp/B09FC8D7GH
61L1WtnLLeL._AC_UL320_.jpg,https://www.amazon.in/wipro-Rechargeable-Dimming-Acrylonitrile-Butadiene/dp/B0BRZKKZST
71TGQWrcE-L._AC_UL320_.jpg,https://www.amazon.in/Homesake-Traditional-Country-Cottage-Antique/dp/B0BSBX2KM3
71iCrLzqE5L._AC_UL320_.jpg,https://www.amazon.in/Divine-Trends-Antique-Lampshade-Decoration/dp/B0B9BYR256
