71sAn2UfxPL._AC_UL320_.jpg,https://www.amazon.in/AAROORA-Engineered-Wallnut-Entertainment-Display/dp/B0BLX6GML2
61rhErzk2lS._AC_UL320_.jpg,https://www.amazon.in/OXMIC-Wooden-Shelf-Mount-Shelves/dp/B0C6F6PLRZ
41FDKUcExCL._AC_UL320_.jpg,https://www.amazon.in/HRIDYA-HANDICRAFTS-Wall-Mount-Entertainment/dp/B0CDVSQDLT
71-dNLM2PSL._AC_UL320_.jpg,https://www.amazon.in/Maaz-Art-Craft-Set-Stand/dp/B0CC9G8YYN
71Ue8GhaRCL._AC_UL320_.jpg,https://www.amazon.in/EVETO-Mounted-Engineered-Entertainment-Walnut/dp/B0CVFDV5HY
71WqpALqp4L._AC_UL320_.jpg,https://www.amazon.in/UZ-METAL-STORE-Frosty-White/dp/B0D2KJQJQ9
61Squ2sA4vS._AC_UL320_.jpg,https://www.amazon.in/OXMIC-Cabinet-Shelves-Entertainment-Mounted/dp/B0C6F94H4N
71USS-0+2eL._AC_UL320_.jpg,https://www.amazon.in/AAROORA-Display-Storage-Cabinet-Finish/dp/B07B2YN3BH
71hkoOmRDCL._AC_UL320_.jpg,https://www.amazon.in/AAROORA-Gaya-H3-Engineered-Display-Storage/dp/B08S3YDC23
81VUeFbDV7L._AC_UL320_.jpg,https://www.amazon.in/BLUEWUD-Engineered-Entertainment-Wenge-White/dp/B0BCZ4GVFM
51XYQH6SaVL._AC_UL320_.jpg,https://www.amazon.in/ESTANTERIA-Engineered-TV-Entertainment-Shelves/dp/B09QD71ZZJ
71sxkH9FKvL._AC_UL320_.jpg,https://www.amazon.in/DeckUp-Engineered-TV1240B-Tube-N-Turn-Entertainment/dp/B08J2DFKXW
81JCWpO8LLL._AC_UL320_.jpg,https://www.amazon.in/DeckUp-Plank-Uniti-Kneered-Entertainment/dp/B08J25KBY7
715EmmtY1LL._AC_UL320_.jpg,https://www.amazon.in/BLUEWUD-Averyl-Engineering-Entertainment-Cabinet/dp/B0CV3HL1JS
81U4Uhz65OL._AC_UL320_.jpg,https://www.amazon.in/BLUEWUD-Anatdol-Engineering-Standing-Entertainment/dp/B0CMLV7KNG
71GfaWeVJQL._AC_UL320_.jpg,https://www.amazon.in/Klaxon-Engineered-Wood-Aztec-Inches/dp/B09Y9152MK
61WUOyGlRXL._AC_UL320_.jpg,https://www.amazon.in/Wakefit-Masha-Engineered-Entertainment-Columbian/dp/B0B5LQGQ5Y
71tkpeYZFgL._AC_UL320_.jpg,https://www.amazon.in/Redwud-Engineered-Entertainment-Cabinet-Display/dp/B09WMS2HCP
61x4f5ZY4TL._AC_UL320_.jpg,https://www.amazon.in/Wudville-Coober-Entertainment-Table-Stand/dp/B07D6SJYVN
71wrZeCJpiL._AC_UL320_.jpg,https://www.amazon.in/Anikaa-Engineered-TV-Unit-Entertainment/dp/B0CVQJ45NT
61OgoRm7raL._AC_UL320_.jpg,https://www.amazon.in/EVETO-Engineered-Living-Bedroom-White/dp/B0D2MZGSMK
81E7Xbb4SIL._AC_UL320_.jpg,https://www.amazon.in/Livzing-Turn-N-Tube-Engineered-Entertainment-Stand-Brown/dp/B0CB5XXQ5L
41FDKUcExCL._AC_UL320_.jpg,https://www.amazon.in/EVETO-Wall-Mount-Entertainment-Brown-White/dp/B0CV9BSG72
71nZcIhNsqL._AC_UL320_.jpg,https://www.amazon.in/PEDPIX-60-Engineered-Entertainment-Yourself/dp/B0B3949N9M
713-slxqHcL._AC_UL320_.jpg,https://www.amazon.in/BLUEWUD-Wilbrome-Engineering-Standing-Entertainment/dp/B0CJC6PTKS
51JgGCitFPL._AC_UL320_.jpg,https://www.amazon.in/Vought-Store-Cabinets-Decorative-Floating/dp/B0D6YXVVNP
61R0A8SR6eL._AC_UL320_.jpg,https://www.amazon.in/WOODIFY-Wall-Mounted-Cabinet-Living/dp/B0BMXNMS3V
71TnyZxEPrL._AC_UL320_.jpg,https://www.amazon.in/WLIVE-Entertainment-Center-Console-PPTS025/dp/B09YRM7J1S
717NQyCWFoL._AC_UL320_.jpg,https://www.amazon.in/Redwud-Engineered-Entertainment-Cabinet-Display/dp/B09B3XS4QY
71cDZeN8lXL._AC_UL320_.jpg,https://www.amazon.in/Anikaa-Ricos-Entertainment-Stand-Shelf/dp/B07QLFT2BC
516LCgq6q8L._AC_UL320_.jpg,https://www.amazon.in/Fgiio-Engineered-TV-Cabinet-Entertainment/dp/B0CSDP4XQD
61fn7m76SzL._AC_UL320_.jpg,https://www.amazon.in/SNQ-TV-Unit-Cabinet-Mounted/dp/B0C7KTS3DQ
41AFSIF98OL._AC_UL320_.jpg,https://www.amazon.in/OXMIC-Cabinet-livingroom-Bracket-Mounted/dp/B0C69HT17S
71vH-470soL._AC_UL320_.jpg,https://www.amazon.in/Amazon-Brand-Engineering-Standing-Entertainment/dp/B0CRZ4VBWY
71AsPF+mFhL._AC_UL320_.jpg,https://www.amazon.in/STAR-WORK-Assembly-Entertainment-Storage/dp/B09W8TTF2Y
81Fck8a1UrL._AC_UL320_.jpg,https://www.amazon.in/AAROORA-Wallnut-Gaya-H3-Engineered-Entertainment/dp/B0BLZHLCYS
41NJyO23fkL._AC_UL320_.jpg,https://www.amazon.in/Wooden-Mounted-Entertainment-Decoration-Bedroom/dp/B0CNRXYG8K
71OOaoiAuhL._AC_UL320_.jpg,https://www.amazon.in/Maaz-Art-Craft-Set-Stand/dp/B0CC9GQ742
81nWxsTxyDL._AC_UL320_.jpg,https://www.amazon.in/DeckUp-Plank-Engineered-Entertainment-Finish/dp/B09YYR53V2
817QtYOmbDL._AC_UL320_.jpg,https://www.amazon.in/DeckUp-Cannes-2-Door-Entertainment-Unit/dp/B07YTJ3L3H
21KCCiRqC3L._AC_UL320_.jpg,https://www.amazon.in/Trolley-Portable-Rolling-Wheel-Stand/dp/B0C4641T6J
71099cKTk5L._AC_UL320_.jpg,https://www.amazon.in/Furnifry-TV-Entertainment-Unit-130x21x45/dp/B09TH3K3QL
61SfqvtkP2L._AC_UL320_.jpg,https://www.amazon.in/MACWUD-Scott-Engineered-Entertainment-Mounted/dp/B0D232R64Q
714FBPN3hDL._AC_UL320_.jpg,https://www.amazon.in/Furnifry-TV-Entertainment-Unit-Decorative/dp/B09YYP52KH
816X22KA6WL._AC_UL320_.jpg,https://www.amazon.in/BLUEWUD-Charley-Engineering-Standing-Entertainment/dp/B0CP97NG2T
51Ti1wMSmJL._AC_UL320_.jpg,https://www.amazon.in/OXMIC-Engineered-Entertainment-Cabinet-Shelves/dp/B0CVV6ST4F
81xvl0DGfBL._AC_UL320_.jpg,https://www.amazon.in/DeckUp-Dusun-TV-Unit-Walnut/dp/B085W8FWBN
61JzHj0pGCL._AC_UL320_.jpg,https://www.amazon.in/Torche-TV-Cabinet-Hanging-Rack-Dark/dp/B09KM4HXMF
